,Product Name:,Prices:
0,Whipbird Jeans waist Tightener Button Brooch,₹188
1,Whipbird Jeans waist Tightener Button Brooch,₹97
2,Alloy Crystal Gold-plated Bracelet,₹158
3,Brass Pearl Gold-plated Bracelet,₹190
4,Metal Bangle Set,₹182
5,Neertara METAL FLOWER Brooch,₹404
6,Metal Bangle Set,₹399
7,Metal Bangle Set,₹182
8,Alloy Moonstone Gold-plated Bracelet,₹209
9,Metal Gold-plated Bracelet,₹211
10,Whipbird Jeans waist Tightener Button Brooch,₹97
11,Metal Copper Kada,₹186
12,Crystal Cubic Zirconia Gold-plated Bracelet,₹209
13,Stone Bracelet,₹211
14,Metal Platinum Bracelet,₹423
15,shimmeing beautiful pendant and locket pack of 5 combo ...,₹132
16,Men's Black Plated Stainless Steel Chain with Mahadev P...,₹295
17,Neertara FAUX PEARL Brooch,₹359
18,Shihen Muslim Hijab Scarf Pin Brooch Straight Head Pin ...,₹142
19,Alloy Bracelet,₹179
20,Stainless Steel Charm Bracelet,₹460
21,Floral Ear Studs for Women Girls Pink Tulips Pearl Acry...,₹203
22,Necklaces Pendant Silver Color Shiny Butterfly Necklace...,₹165
23,Alloy Gold-plated Charm Bracelet,₹155
24,Stainless Steel Cubic Zirconia Gold-plated Bracelet,₹219
25,Plastic Bracelet Set,₹335
26,"Brass, Alloy Brass Bangle Set",₹373
27,Elegant Four Heart Pendnt Necklace- A Timeless Adition ...,₹198
28,Alloy Bracelet,₹189
29,Shimmering beautiful necklace combo for women and girls...,₹132
30,shimmering beautiful necklace combo for women and girls...,₹128
31,Latest Style Korean Rose Gold Pearl in Open Shell Oyste...,₹163
32,Stone Bracelet,₹203
33,Necklace Chain Pendant For women & Girls Pearl Brass Ch...,₹132
34,Alloy Diamond Gold-plated Bracelet,₹167
35,J3G SILVER PEARL JEANS BUTTON PIN Brooch,₹193
36,Glass Beads Bracelet,₹121
37,"Rubans Rhodium Plated, Minimal Chain Solitaire Zircon S...",₹264
38,Luxury Magnetic Two-Wear Clavicle Chain Diamond Love Fo...,₹167
39,Necklace Chain Pendant For women & Girls Pearl Brass Ch...,₹130
40,Whipbird Jeans waist Tightener Button Brooch,₹188
41,Whipbird Jeans waist Tightener Button Brooch,₹97
42,Alloy Crystal Gold-plated Bracelet,₹158
43,Brass Pearl Gold-plated Bracelet,₹190
44,Metal Bangle Set,₹182
45,Neertara METAL FLOWER Brooch,₹404
46,Metal Bangle Set,₹399
47,Metal Bangle Set,₹182
48,Alloy Moonstone Gold-plated Bracelet,₹209
49,Metal Gold-plated Bracelet,₹211
50,Whipbird Jeans waist Tightener Button Brooch,₹97
51,Metal Copper Kada,₹186
52,Crystal Cubic Zirconia Gold-plated Bracelet,₹209
53,Stone Bracelet,₹211
54,Metal Platinum Bracelet,₹423
55,shimmeing beautiful pendant and locket pack of 5 combo ...,₹132
56,Men's Black Plated Stainless Steel Chain with Mahadev P...,₹295
57,Neertara FAUX PEARL Brooch,₹359
58,Shihen Muslim Hijab Scarf Pin Brooch Straight Head Pin ...,₹142
59,Alloy Bracelet,₹179
60,Stainless Steel Charm Bracelet,₹460
61,Floral Ear Studs for Women Girls Pink Tulips Pearl Acry...,₹203
62,Necklaces Pendant Silver Color Shiny Butterfly Necklace...,₹165
63,Alloy Gold-plated Charm Bracelet,₹155
64,Stainless Steel Cubic Zirconia Gold-plated Bracelet,₹219
65,Plastic Bracelet Set,₹335
66,"Brass, Alloy Brass Bangle Set",₹373
67,Elegant Four Heart Pendnt Necklace- A Timeless Adition ...,₹198
68,Alloy Bracelet,₹189
69,Shimmering beautiful necklace combo for women and girls...,₹132
70,shimmering beautiful necklace combo for women and girls...,₹128
71,Latest Style Korean Rose Gold Pearl in Open Shell Oyste...,₹163
72,Stone Bracelet,₹203
73,Necklace Chain Pendant For women & Girls Pearl Brass Ch...,₹132
74,Alloy Diamond Gold-plated Bracelet,₹167
75,J3G SILVER PEARL JEANS BUTTON PIN Brooch,₹193
76,Glass Beads Bracelet,₹121
77,"Rubans Rhodium Plated, Minimal Chain Solitaire Zircon S...",₹264
78,Luxury Magnetic Two-Wear Clavicle Chain Diamond Love Fo...,₹167
79,Necklace Chain Pendant For women & Girls Pearl Brass Ch...,₹130
80,Whipbird Jeans waist Tightener Button Brooch,₹188
81,Whipbird Jeans waist Tightener Button Brooch,₹97
82,Alloy Crystal Gold-plated Bracelet,₹158
83,Brass Pearl Gold-plated Bracelet,₹190
84,Metal Bangle Set,₹182
85,Neertara METAL FLOWER Brooch,₹404
86,Metal Bangle Set,₹399
87,Metal Bangle Set,₹182
88,Alloy Moonstone Gold-plated Bracelet,₹209
89,Metal Gold-plated Bracelet,₹211
90,Whipbird Jeans waist Tightener Button Brooch,₹97
91,Metal Copper Kada,₹186
92,Crystal Cubic Zirconia Gold-plated Bracelet,₹209
93,Stone Bracelet,₹211
94,Metal Platinum Bracelet,₹423
95,shimmeing beautiful pendant and locket pack of 5 combo ...,₹132
96,Men's Black Plated Stainless Steel Chain with Mahadev P...,₹295
97,Neertara FAUX PEARL Brooch,₹359
98,Shihen Muslim Hijab Scarf Pin Brooch Straight Head Pin ...,₹142
99,Alloy Bracelet,₹179
100,Stainless Steel Charm Bracelet,₹460
101,Floral Ear Studs for Women Girls Pink Tulips Pearl Acry...,₹203
102,Necklaces Pendant Silver Color Shiny Butterfly Necklace...,₹165
103,Alloy Gold-plated Charm Bracelet,₹155
104,Stainless Steel Cubic Zirconia Gold-plated Bracelet,₹219
105,Plastic Bracelet Set,₹335
106,"Brass, Alloy Brass Bangle Set",₹373
107,Elegant Four Heart Pendnt Necklace- A Timeless Adition ...,₹198
108,Alloy Bracelet,₹189
109,Shimmering beautiful necklace combo for women and girls...,₹132
110,shimmering beautiful necklace combo for women and girls...,₹128
111,Latest Style Korean Rose Gold Pearl in Open Shell Oyste...,₹163
112,Stone Bracelet,₹203
113,Necklace Chain Pendant For women & Girls Pearl Brass Ch...,₹132
114,Alloy Diamond Gold-plated Bracelet,₹167
115,J3G SILVER PEARL JEANS BUTTON PIN Brooch,₹193
116,Glass Beads Bracelet,₹121
117,"Rubans Rhodium Plated, Minimal Chain Solitaire Zircon S...",₹264
118,Luxury Magnetic Two-Wear Clavicle Chain Diamond Love Fo...,₹167
119,Necklace Chain Pendant For women & Girls Pearl Brass Ch...,₹130
120,Whipbird Jeans waist Tightener Button Brooch,₹188
121,Whipbird Jeans waist Tightener Button Brooch,₹97
122,Alloy Crystal Gold-plated Bracelet,₹158
123,Brass Pearl Gold-plated Bracelet,₹190
124,Metal Bangle Set,₹182
125,Neertara METAL FLOWER Brooch,₹404
126,Metal Bangle Set,₹399
127,Metal Bangle Set,₹182
128,Alloy Moonstone Gold-plated Bracelet,₹209
129,Metal Gold-plated Bracelet,₹211
130,Whipbird Jeans waist Tightener Button Brooch,₹97
131,Metal Copper Kada,₹186
132,Crystal Cubic Zirconia Gold-plated Bracelet,₹209
133,Stone Bracelet,₹211
134,Metal Platinum Bracelet,₹423
135,shimmeing beautiful pendant and locket pack of 5 combo ...,₹132
136,Men's Black Plated Stainless Steel Chain with Mahadev P...,₹295
137,Neertara FAUX PEARL Brooch,₹359
138,Shihen Muslim Hijab Scarf Pin Brooch Straight Head Pin ...,₹142
139,Alloy Bracelet,₹179
140,Stainless Steel Charm Bracelet,₹460
141,Floral Ear Studs for Women Girls Pink Tulips Pearl Acry...,₹203
142,Necklaces Pendant Silver Color Shiny Butterfly Necklace...,₹165
143,Alloy Gold-plated Charm Bracelet,₹155
144,Stainless Steel Cubic Zirconia Gold-plated Bracelet,₹219
145,Plastic Bracelet Set,₹335
146,"Brass, Alloy Brass Bangle Set",₹373
147,Elegant Four Heart Pendnt Necklace- A Timeless Adition ...,₹198
148,Alloy Bracelet,₹189
149,Shimmering beautiful necklace combo for women and girls...,₹132
150,shimmering beautiful necklace combo for women and girls...,₹128
151,Latest Style Korean Rose Gold Pearl in Open Shell Oyste...,₹163
152,Stone Bracelet,₹203
153,Necklace Chain Pendant For women & Girls Pearl Brass Ch...,₹132
154,Alloy Diamond Gold-plated Bracelet,₹167
155,J3G SILVER PEARL JEANS BUTTON PIN Brooch,₹193
156,Glass Beads Bracelet,₹121
157,"Rubans Rhodium Plated, Minimal Chain Solitaire Zircon S...",₹264
158,Luxury Magnetic Two-Wear Clavicle Chain Diamond Love Fo...,₹167
159,Necklace Chain Pendant For women & Girls Pearl Brass Ch...,₹130
160,Whipbird Jeans waist Tightener Button Brooch,₹188
161,Whipbird Jeans waist Tightener Button Brooch,₹97
162,Alloy Crystal Gold-plated Bracelet,₹158
163,Brass Pearl Gold-plated Bracelet,₹190
164,Metal Bangle Set,₹182
165,Neertara METAL FLOWER Brooch,₹404
166,Metal Bangle Set,₹399
167,Metal Bangle Set,₹182
168,Alloy Moonstone Gold-plated Bracelet,₹209
169,Metal Gold-plated Bracelet,₹211
170,Whipbird Jeans waist Tightener Button Brooch,₹97
171,Metal Copper Kada,₹186
172,Crystal Cubic Zirconia Gold-plated Bracelet,₹209
173,Stone Bracelet,₹211
174,Metal Platinum Bracelet,₹423
175,shimmeing beautiful pendant and locket pack of 5 combo ...,₹132
176,Men's Black Plated Stainless Steel Chain with Mahadev P...,₹295
177,Neertara FAUX PEARL Brooch,₹359
178,Shihen Muslim Hijab Scarf Pin Brooch Straight Head Pin ...,₹142
179,Alloy Bracelet,₹179
180,Stainless Steel Charm Bracelet,₹460
181,Floral Ear Studs for Women Girls Pink Tulips Pearl Acry...,₹203
182,Necklaces Pendant Silver Color Shiny Butterfly Necklace...,₹165
183,Alloy Gold-plated Charm Bracelet,₹155
184,Stainless Steel Cubic Zirconia Gold-plated Bracelet,₹219
185,Plastic Bracelet Set,₹335
186,"Brass, Alloy Brass Bangle Set",₹373
187,Elegant Four Heart Pendnt Necklace- A Timeless Adition ...,₹198
188,Alloy Bracelet,₹189
189,Shimmering beautiful necklace combo for women and girls...,₹132
190,shimmering beautiful necklace combo for women and girls...,₹128
191,Latest Style Korean Rose Gold Pearl in Open Shell Oyste...,₹163
192,Stone Bracelet,₹203
193,Necklace Chain Pendant For women & Girls Pearl Brass Ch...,₹132
194,Alloy Diamond Gold-plated Bracelet,₹167
195,J3G SILVER PEARL JEANS BUTTON PIN Brooch,₹193
196,Glass Beads Bracelet,₹121
197,"Rubans Rhodium Plated, Minimal Chain Solitaire Zircon S...",₹264
198,Luxury Magnetic Two-Wear Clavicle Chain Diamond Love Fo...,₹167
199,Necklace Chain Pendant For women & Girls Pearl Brass Ch...,₹130
200,Whipbird Jeans waist Tightener Button Brooch,₹188
201,Whipbird Jeans waist Tightener Button Brooch,₹97
202,Alloy Crystal Gold-plated Bracelet,₹158
203,Brass Pearl Gold-plated Bracelet,₹190
204,Metal Bangle Set,₹182
205,Neertara METAL FLOWER Brooch,₹404
206,Metal Bangle Set,₹399
207,Metal Bangle Set,₹182
208,Alloy Moonstone Gold-plated Bracelet,₹209
209,Metal Gold-plated Bracelet,₹211
210,Whipbird Jeans waist Tightener Button Brooch,₹97
211,Metal Copper Kada,₹186
212,Crystal Cubic Zirconia Gold-plated Bracelet,₹209
213,Stone Bracelet,₹211
214,Metal Platinum Bracelet,₹423
215,shimmeing beautiful pendant and locket pack of 5 combo ...,₹132
216,Men's Black Plated Stainless Steel Chain with Mahadev P...,₹295
217,Neertara FAUX PEARL Brooch,₹359
218,Shihen Muslim Hijab Scarf Pin Brooch Straight Head Pin ...,₹142
219,Alloy Bracelet,₹179
220,Stainless Steel Charm Bracelet,₹460
221,Floral Ear Studs for Women Girls Pink Tulips Pearl Acry...,₹203
222,Necklaces Pendant Silver Color Shiny Butterfly Necklace...,₹165
223,Alloy Gold-plated Charm Bracelet,₹155
224,Stainless Steel Cubic Zirconia Gold-plated Bracelet,₹219
225,Plastic Bracelet Set,₹335
226,"Brass, Alloy Brass Bangle Set",₹373
227,Elegant Four Heart Pendnt Necklace- A Timeless Adition ...,₹198
228,Alloy Bracelet,₹189
229,Shimmering beautiful necklace combo for women and girls...,₹132
230,shimmering beautiful necklace combo for women and girls...,₹128
231,Latest Style Korean Rose Gold Pearl in Open Shell Oyste...,₹163
232,Stone Bracelet,₹203
233,Necklace Chain Pendant For women & Girls Pearl Brass Ch...,₹132
234,Alloy Diamond Gold-plated Bracelet,₹167
235,J3G SILVER PEARL JEANS BUTTON PIN Brooch,₹193
236,Glass Beads Bracelet,₹121
237,"Rubans Rhodium Plated, Minimal Chain Solitaire Zircon S...",₹264
238,Luxury Magnetic Two-Wear Clavicle Chain Diamond Love Fo...,₹167
239,Necklace Chain Pendant For women & Girls Pearl Brass Ch...,₹130
240,Whipbird Jeans waist Tightener Button Brooch,₹188
241,Whipbird Jeans waist Tightener Button Brooch,₹97
242,Alloy Crystal Gold-plated Bracelet,₹158
243,Brass Pearl Gold-plated Bracelet,₹190
244,Metal Bangle Set,₹182
245,Neertara METAL FLOWER Brooch,₹404
246,Metal Bangle Set,₹399
247,Metal Bangle Set,₹182
248,Alloy Moonstone Gold-plated Bracelet,₹209
249,Metal Gold-plated Bracelet,₹211
250,Whipbird Jeans waist Tightener Button Brooch,₹97
251,Metal Copper Kada,₹186
252,Crystal Cubic Zirconia Gold-plated Bracelet,₹209
253,Stone Bracelet,₹211
254,Metal Platinum Bracelet,₹423
255,shimmeing beautiful pendant and locket pack of 5 combo ...,₹132
256,Men's Black Plated Stainless Steel Chain with Mahadev P...,₹295
257,Neertara FAUX PEARL Brooch,₹359
258,Shihen Muslim Hijab Scarf Pin Brooch Straight Head Pin ...,₹142
259,Alloy Bracelet,₹179
260,Stainless Steel Charm Bracelet,₹460
261,Floral Ear Studs for Women Girls Pink Tulips Pearl Acry...,₹203
262,Necklaces Pendant Silver Color Shiny Butterfly Necklace...,₹165
263,Alloy Gold-plated Charm Bracelet,₹155
264,Stainless Steel Cubic Zirconia Gold-plated Bracelet,₹219
265,Plastic Bracelet Set,₹335
266,"Brass, Alloy Brass Bangle Set",₹373
267,Elegant Four Heart Pendnt Necklace- A Timeless Adition ...,₹198
268,Alloy Bracelet,₹189
269,Shimmering beautiful necklace combo for women and girls...,₹132
270,shimmering beautiful necklace combo for women and girls...,₹128
271,Latest Style Korean Rose Gold Pearl in Open Shell Oyste...,₹163
272,Stone Bracelet,₹203
273,Necklace Chain Pendant For women & Girls Pearl Brass Ch...,₹132
274,Alloy Diamond Gold-plated Bracelet,₹167
275,J3G SILVER PEARL JEANS BUTTON PIN Brooch,₹193
276,Glass Beads Bracelet,₹121
277,"Rubans Rhodium Plated, Minimal Chain Solitaire Zircon S...",₹264
278,Luxury Magnetic Two-Wear Clavicle Chain Diamond Love Fo...,₹167
279,Necklace Chain Pendant For women & Girls Pearl Brass Ch...,₹130
280,Whipbird Jeans waist Tightener Button Brooch,₹188
281,Whipbird Jeans waist Tightener Button Brooch,₹97
282,Alloy Crystal Gold-plated Bracelet,₹158
283,Brass Pearl Gold-plated Bracelet,₹190
284,Metal Bangle Set,₹182
285,Neertara METAL FLOWER Brooch,₹404
286,Metal Bangle Set,₹399
287,Metal Bangle Set,₹182
288,Alloy Moonstone Gold-plated Bracelet,₹209
289,Metal Gold-plated Bracelet,₹211
290,Whipbird Jeans waist Tightener Button Brooch,₹97
291,Metal Copper Kada,₹186
292,Crystal Cubic Zirconia Gold-plated Bracelet,₹209
293,Stone Bracelet,₹211
294,Metal Platinum Bracelet,₹423
295,shimmeing beautiful pendant and locket pack of 5 combo ...,₹132
296,Men's Black Plated Stainless Steel Chain with Mahadev P...,₹295
297,Neertara FAUX PEARL Brooch,₹359
298,Shihen Muslim Hijab Scarf Pin Brooch Straight Head Pin ...,₹142
299,Alloy Bracelet,₹179
300,Stainless Steel Charm Bracelet,₹460
301,Floral Ear Studs for Women Girls Pink Tulips Pearl Acry...,₹203
302,Necklaces Pendant Silver Color Shiny Butterfly Necklace...,₹165
303,Alloy Gold-plated Charm Bracelet,₹155
304,Stainless Steel Cubic Zirconia Gold-plated Bracelet,₹219
305,Plastic Bracelet Set,₹335
306,"Brass, Alloy Brass Bangle Set",₹373
307,Elegant Four Heart Pendnt Necklace- A Timeless Adition ...,₹198
308,Alloy Bracelet,₹189
309,Shimmering beautiful necklace combo for women and girls...,₹132
310,shimmering beautiful necklace combo for women and girls...,₹128
311,Latest Style Korean Rose Gold Pearl in Open Shell Oyste...,₹163
312,Stone Bracelet,₹203
313,Necklace Chain Pendant For women & Girls Pearl Brass Ch...,₹132
314,Alloy Diamond Gold-plated Bracelet,₹167
315,J3G SILVER PEARL JEANS BUTTON PIN Brooch,₹193
316,Glass Beads Bracelet,₹121
317,"Rubans Rhodium Plated, Minimal Chain Solitaire Zircon S...",₹264
318,Luxury Magnetic Two-Wear Clavicle Chain Diamond Love Fo...,₹167
319,Necklace Chain Pendant For women & Girls Pearl Brass Ch...,₹130
320,Whipbird Jeans waist Tightener Button Brooch,₹188
321,Whipbird Jeans waist Tightener Button Brooch,₹97
322,Alloy Crystal Gold-plated Bracelet,₹158
323,Brass Pearl Gold-plated Bracelet,₹190
324,Metal Bangle Set,₹182
325,Neertara METAL FLOWER Brooch,₹404
326,Metal Bangle Set,₹399
327,Metal Bangle Set,₹182
328,Alloy Moonstone Gold-plated Bracelet,₹209
329,Metal Gold-plated Bracelet,₹211
330,Whipbird Jeans waist Tightener Button Brooch,₹97
331,Metal Copper Kada,₹186
332,Crystal Cubic Zirconia Gold-plated Bracelet,₹209
333,Stone Bracelet,₹211
334,Metal Platinum Bracelet,₹423
335,shimmeing beautiful pendant and locket pack of 5 combo ...,₹132
336,Men's Black Plated Stainless Steel Chain with Mahadev P...,₹295
337,Neertara FAUX PEARL Brooch,₹359
338,Shihen Muslim Hijab Scarf Pin Brooch Straight Head Pin ...,₹142
339,Alloy Bracelet,₹179
340,Stainless Steel Charm Bracelet,₹460
341,Floral Ear Studs for Women Girls Pink Tulips Pearl Acry...,₹203
342,Necklaces Pendant Silver Color Shiny Butterfly Necklace...,₹165
343,Alloy Gold-plated Charm Bracelet,₹155
344,Stainless Steel Cubic Zirconia Gold-plated Bracelet,₹219
345,Plastic Bracelet Set,₹335
346,"Brass, Alloy Brass Bangle Set",₹373
347,Elegant Four Heart Pendnt Necklace- A Timeless Adition ...,₹198
348,Alloy Bracelet,₹189
349,Shimmering beautiful necklace combo for women and girls...,₹132
350,shimmering beautiful necklace combo for women and girls...,₹128
351,Latest Style Korean Rose Gold Pearl in Open Shell Oyste...,₹163
352,Stone Bracelet,₹203
353,Necklace Chain Pendant For women & Girls Pearl Brass Ch...,₹132
354,Alloy Diamond Gold-plated Bracelet,₹167
355,J3G SILVER PEARL JEANS BUTTON PIN Brooch,₹193
356,Glass Beads Bracelet,₹121
357,"Rubans Rhodium Plated, Minimal Chain Solitaire Zircon S...",₹264
358,Luxury Magnetic Two-Wear Clavicle Chain Diamond Love Fo...,₹167
359,Necklace Chain Pendant For women & Girls Pearl Brass Ch...,₹130
360,Whipbird Jeans waist Tightener Button Brooch,₹188
361,Whipbird Jeans waist Tightener Button Brooch,₹97
362,Alloy Crystal Gold-plated Bracelet,₹158
363,Brass Pearl Gold-plated Bracelet,₹190
364,Metal Bangle Set,₹182
365,Neertara METAL FLOWER Brooch,₹404
366,Metal Bangle Set,₹399
367,Metal Bangle Set,₹182
368,Alloy Moonstone Gold-plated Bracelet,₹209
369,Metal Gold-plated Bracelet,₹211
370,Whipbird Jeans waist Tightener Button Brooch,₹97
371,Metal Copper Kada,₹186
372,Crystal Cubic Zirconia Gold-plated Bracelet,₹209
373,Stone Bracelet,₹211
374,Metal Platinum Bracelet,₹423
375,shimmeing beautiful pendant and locket pack of 5 combo ...,₹132
376,Men's Black Plated Stainless Steel Chain with Mahadev P...,₹295
377,Neertara FAUX PEARL Brooch,₹359
378,Shihen Muslim Hijab Scarf Pin Brooch Straight Head Pin ...,₹142
379,Alloy Bracelet,₹179
380,Stainless Steel Charm Bracelet,₹460
381,Floral Ear Studs for Women Girls Pink Tulips Pearl Acry...,₹203
382,Necklaces Pendant Silver Color Shiny Butterfly Necklace...,₹165
383,Alloy Gold-plated Charm Bracelet,₹155
384,Stainless Steel Cubic Zirconia Gold-plated Bracelet,₹219
385,Plastic Bracelet Set,₹335
386,"Brass, Alloy Brass Bangle Set",₹373
387,Elegant Four Heart Pendnt Necklace- A Timeless Adition ...,₹198
388,Alloy Bracelet,₹189
389,Shimmering beautiful necklace combo for women and girls...,₹132
390,shimmering beautiful necklace combo for women and girls...,₹128
391,Latest Style Korean Rose Gold Pearl in Open Shell Oyste...,₹163
392,Stone Bracelet,₹203
393,Necklace Chain Pendant For women & Girls Pearl Brass Ch...,₹132
394,Alloy Diamond Gold-plated Bracelet,₹167
395,J3G SILVER PEARL JEANS BUTTON PIN Brooch,₹193
396,Glass Beads Bracelet,₹121
397,"Rubans Rhodium Plated, Minimal Chain Solitaire Zircon S...",₹264
398,Luxury Magnetic Two-Wear Clavicle Chain Diamond Love Fo...,₹167
399,Necklace Chain Pendant For women & Girls Pearl Brass Ch...,₹130
400,Whipbird Jeans waist Tightener Button Brooch,₹188
401,Whipbird Jeans waist Tightener Button Brooch,₹97
402,Alloy Crystal Gold-plated Bracelet,₹158
403,Brass Pearl Gold-plated Bracelet,₹190
404,Metal Bangle Set,₹182
405,Neertara METAL FLOWER Brooch,₹404
406,Metal Bangle Set,₹399
407,Metal Bangle Set,₹182
408,Alloy Moonstone Gold-plated Bracelet,₹209
409,Metal Gold-plated Bracelet,₹211
410,Whipbird Jeans waist Tightener Button Brooch,₹97
411,Metal Copper Kada,₹186
412,Crystal Cubic Zirconia Gold-plated Bracelet,₹209
413,Stone Bracelet,₹211
414,Metal Platinum Bracelet,₹423
415,shimmeing beautiful pendant and locket pack of 5 combo ...,₹132
416,Men's Black Plated Stainless Steel Chain with Mahadev P...,₹295
417,Neertara FAUX PEARL Brooch,₹359
418,Shihen Muslim Hijab Scarf Pin Brooch Straight Head Pin ...,₹142
419,Alloy Bracelet,₹179
420,Stainless Steel Charm Bracelet,₹460
421,Floral Ear Studs for Women Girls Pink Tulips Pearl Acry...,₹203
422,Necklaces Pendant Silver Color Shiny Butterfly Necklace...,₹165
423,Alloy Gold-plated Charm Bracelet,₹155
424,Stainless Steel Cubic Zirconia Gold-plated Bracelet,₹219
425,Plastic Bracelet Set,₹335
426,"Brass, Alloy Brass Bangle Set",₹373
427,Elegant Four Heart Pendnt Necklace- A Timeless Adition ...,₹198
428,Alloy Bracelet,₹189
429,Shimmering beautiful necklace combo for women and girls...,₹132
430,shimmering beautiful necklace combo for women and girls...,₹128
431,Latest Style Korean Rose Gold Pearl in Open Shell Oyste...,₹163
432,Stone Bracelet,₹203
433,Necklace Chain Pendant For women & Girls Pearl Brass Ch...,₹132
434,Alloy Diamond Gold-plated Bracelet,₹167
435,J3G SILVER PEARL JEANS BUTTON PIN Brooch,₹193
436,Glass Beads Bracelet,₹121
437,"Rubans Rhodium Plated, Minimal Chain Solitaire Zircon S...",₹264
438,Luxury Magnetic Two-Wear Clavicle Chain Diamond Love Fo...,₹167
439,Necklace Chain Pendant For women & Girls Pearl Brass Ch...,₹130
